"Brand","Model","Generation","Years Active","Market","Notes"
"Ford","F-150","14th Generation","2009–2014","US/Canada","Best-selling pickup truck in North America"
"Ford","F-150","15th Generation","2015–2020","US/Canada","Introduced aluminum body for weight reduction"
"Ford","F-150","16th Generation","2021–2024","US/Canada","Available in hybrid and electric variants"
"Chevrolet","Silverado 1500","4th Generation","2007–2013","US/Canada","Full-size pickup with various trims"
"Chevrolet","Silverado 1500","5th Generation","2014–2018","US/Canada","Redesigned interior and exterior"
"Chevrolet","Silverado 1500","6th Generation","2019–2024","US/Canada","Introduced new tech features and engine options"
"Ram","1500","4th Generation","2009–2018","US/Canada","Known for its comfortable ride and upscale interior"
"Ram","1500","5th Generation","2019–2024","US/Canada","Features mild-hybrid technology"
"Toyota","Camry","7th Generation","2007–2011","US/Canada","Mid-size sedan with improved fuel efficiency"
"Toyota","Camry","8th Generation","2012–2017","US/Canada","Redesigned with modern styling and tech"
"Toyota","Camry","9th Generation","2018–2024","US/Canada","Hybrid and sportier trims introduced"
"Honda","Civic","8th Generation","2006–2011","US/Canada","Compact car with sporty design"
"Honda","Civic","9th Generation","2012–2015","US/Canada","Improved interior quality and tech features"
"Honda","Civic","10th Generation","2016–2021","US/Canada","Turbocharged engine options available"
"Honda","Civic","11th Generation","2022–2024","US/Canada","Latest generation with updated design"
"Toyota","RAV4","5th Generation","2019–2024","US/Canada","Compact SUV with hybrid and plug-in hybrid options"
"Toyota","RAV4","6th Generation","2025–Present","US/Canada","Redesigned with more tech features"
"Tesla","Model 3","1st Generation","2017–2024","US/Canada","Best-selling electric sedan"
"Tesla","Model 3","2nd Generation","2025–Present","US/Canada","Updated design and features"
"Tesla","Model Y","1st Generation","2020–2024","US/Canada","Compact electric SUV"
"Tesla","Model Y","2nd Generation","2025–Present","US/Canada","Enhanced range and features"
"Ford","Mustang","6th Generation","2015–2024","US/Canada","Iconic muscle car with modern updates"
"Ford","Mustang","7th Generation","2025–Present","US/Canada","Redesigned with new tech and performance options"
"Chevrolet","Equinox","3rd Generation","2018–2024","US/Canada","Compact SUV with updated styling"
"Chevrolet","Equinox","4th Generation","2025–Present","US/Canada","New platform and tech features"
"Honda","CR-V","5th Generation","2017–2021","US/Canada","Compact SUV with hybrid option"
"Honda","CR-V","6th Generation","2022–2024","US/Canada","Updated design and features"
"Toyota","Highlander","4th Generation","2014–2019","US/Canada","Mid-size SUV with three-row seating"
"Toyota","Highlander","5th Generation","2020–2024","US/Canada","Hybrid and plug-in hybrid options"
"Ford","Explorer","6th Generation","2020–2024","US/Canada","Mid-size SUV with rear-wheel drive"
"Ford","Explorer","7th Generation","2025–Present","US/Canada","Redesigned with new tech features"
"Chevrolet","Traverse","2nd Generation","2018–2024","US/Canada","Mid-size SUV with three-row seating"
"Chevrolet","Traverse","3rd Generation","2025–Present","US/Canada","Updated design and features"
"Toyota","Tacoma","3rd Generation","2016–2024","US/Canada","Mid-size pickup with off-road capabilities"
"Toyota","Tacoma","4th Generation","2025–Present","US/Canada","Redesigned with new tech and features"
"Ford","Maverick","1st Generation","2022–2024","US/Canada","Compact pickup with hybrid option"
"Ford","Maverick","2nd Generation","2025–Present","US/Canada","Updated design and features"
"Chevrolet","Colorado","2nd Generation","2015–2024","US/Canada","Mid-size pickup with improved features"
"Chevrolet","Colorado","3rd Generation","2025–Present","US/Canada","New platform and tech features"
"Ram","2500","4th Generation","2009–2018","US/Canada","Heavy-duty pickup with various trims"
"Ram","2500","5th Generation","2019–2024","US/Canada","Redesigned with new tech features"
"Ram","2500","6th Generation","2025–Present","US/Canada","Updated design and features"
"Toyota","Tundra","3rd Generation","2022–2024","US/Canada","Full-size pickup with hybrid option"
"Toyota","Tundra","4th Generation","2025–Present","US/Canada","Redesigned with new tech and features"
"Chevrolet","Impala","10th Generation","2014–2020","US/Canada","Full-size sedan with modern features"
"Chevrolet","Impala","11th Generation","2021–Present","US/Canada","Discontinued model"
"Ford","Fusion","3rd Generation","2013–2020","US/Canada","Mid-size sedan with hybrid option"
"Ford","Fusion","4th Generation","2021–Present","US/Canada","Discontinued model"
"Toyota","Avalon","5th Generation","2013–2020","US/Canada","Full-size sedan with luxury features"
"Toyota","Avalon","6th Generation","2021–Present","US/Canada","Discontinued model"
"Chevrolet","Malibu","9th Generation","2016–2024","US/Canada","Mid-size sedan with updated styling"
"Chevrolet","Malibu","10th Generation","2025–Present","US/Canada","New platform and tech features"
"Ford","Escape","4th Generation","2020–2024","US/Canada","Compact SUV with hybrid option"
"Ford","Escape","5th Generation","2025–Present","US/Canada","Updated design and features"
"Chevrolet","Bolt EV","1st Generation","2017–2024","US/Canada","Affordable electric vehicle"
"Chevrolet","Bolt EV","2nd Generation","2025–Present","US/Canada","Enhanced range and features"
"Tesla","Model S","1st Generation","2012–2024","US/Canada","Luxury electric sedan"
"Tesla","Model S","2nd Generation","2025–Present","US/Canada","Updated design and features"
"Tesla","Model X","1st Generation","2015–2024","US/Canada","Electric SUV with falcon-wing doors"
"Tesla","Model X","2nd Generation","2025–Present","US/Canada","Enhanced features and design"
"Hyundai","Elantra","6th Generation","2016–2020","US/Canada","Compact sedan with modern features"
"Hyundai","Elantra","7th Generation","2021–2024","US/Canada","Updated design and tech features"
"Hyundai","Elantra","8th Generation","2025–Present","US/Canada","New platform and features"
"Hyundai","Sonata","8th Generation","2015–2019","US/Canada","Mid-size sedan with updated styling"
"Hyundai","Sonata","9th Generation","2020–2024","US/Canada","Hybrid and plug-in hybrid options"
"Hyundai","Sonata","10th Generation","2025–Present","US/Canada","Redesigned with new tech features"
"Hyundai","Tucson","4th Generation","2022–2024","US/Canada","Compact SUV with hybrid option"
"Hyundai","Tucson","5th Generation","2025–Present","US/Canada","Updated design and features"
"Kia","Optima","5th Generation","2016–2020","US/Canada","Mid-size sedan with modern features"
"Kia","Optima","6th Generation","2021–2024","US/Canada","Updated design and tech features"
"Kia","Optima","7th Generation","2025–Present","US/Canada","New platform and features"
"Kia","Sorento","4th Generation","2020–2024","US/Canada","Mid-size SUV with hybrid option"
"Kia","Sorento","5th Generation","2025–Present","US/Canada","Updated design and features"
"Kia","Sportage","5th Generation","2022–2024","US/Canada","Compact SUV with hybrid option"
"Kia","Sportage","6th Generation","2025–Present","US/Canada","New platform and features"
"Subaru","Outback","6th Generation","2015–2019","US/Canada","Mid-size SUV with off-road capabilities"
"Subaru","Outback","7th Generation","2020–2024","US/Canada","Updated design and features"
"Subaru","Outback","8th Generation","2025–Present","US/Canada","Redesigned with new tech features"
"Subaru","Forester","5th Generation","2014–2018","US/Canada","Compact SUV with updated styling"
"Subaru","Forester","6th Generation","2019–2024","US/Canada","Hybrid option available"
"Subaru","Forester","7th Generation","2025–Present","US/Canada",""
"Ram","1500","3rd Generation","2013–2018","US/Canada","Refreshed with improved towing capacity and luxury trims"
"Ram","1500","4th Generation","2019–2024","US/Canada","Features mild-hybrid technology and advanced features"
"Chevrolet","Cruze","1st Generation","2008–2014","US/Canada","Compact sedan with great fuel efficiency"
"Chevrolet","Cruze","2nd Generation","2015–2019","US/Canada","Redesigned with more modern technology and features"
"Chevrolet","Cruze","3rd Generation","2020–Present","US/Canada","Discontinued model"
"Nissan","Altima","5th Generation","2013–2018","US/Canada","Mid-size sedan with updated design"
"Nissan","Altima","6th Generation","2019–2024","US/Canada","Hybrid option available"
"Nissan","Altima","7th Generation","2025–Present","US/Canada","Latest redesign with tech upgrades"
"Nissan","Maxima","8th Generation","2016–2024","US/Canada","Full-size sedan with sporty features"
"Toyota","Corolla","11th Generation","2013–2019","US/Canada","Compact sedan with improved safety features"
"Toyota","Corolla","12th Generation","2020–2024","US/Canada","Hybrid and performance variants available"
"Toyota","Corolla","13th Generation","2025–Present","US/Canada","Redesigned with advanced tech and hybrid options"
"Honda","Accord","9th Generation","2013–2017","US/Canada","Redesigned for better performance and comfort"
"Honda","Accord","10th Generation","2018–2022","US/Canada","Sportier design and turbocharged engine options"
"Honda","Accord","11th Generation","2023–Present","US/Canada","Latest redesign with hybrid options"
"Hyundai","Elantra","7th Generation","2021–2024","US/Canada","Updated design with tech and hybrid options"
"Hyundai","Elantra","8th Generation","2025–Present","US/Canada","Completely redesigned with modern features"
"Hyundai","Palisade","1st Generation","2020–2024","US/Canada","Mid-size SUV with luxury features"
"Hyundai","Palisade","2nd Generation","2025–Present","US/Canada","Updated design with enhanced tech"
"Subaru","Impreza","5th Generation","2017–2024","US/Canada","Compact car with all-wheel drive"
"Subaru","Impreza","6th Generation","2025–Present","US/Canada","Redesigned with new tech and features"
"Subaru","Ascent","1st Generation","2019–2024","US/Canada","Mid-size SUV with three-row seating"
"Subaru","Ascent","2nd Generation","2025–Present","US/Canada","Redesigned with improved safety features"
"Jeep","Cherokee","5th Generation","2014–2020","US/Canada","Compact SUV with off-road capabilities"
"Jeep","Cherokee","6th Generation","2021–Present","US/Canada","Updated design with tech features"
"Jeep","Grand Cherokee","4th Generation","2011–2020","US/Canada","Mid-size SUV with premium features"
"Jeep","Grand Cherokee","5th Generation","2021–Present","US/Canada","Redesigned with hybrid and electric options"
"GMC","Sierra 1500","Second Generation","1999–2006","US/Canada","Light-duty pickup truck"
"GMC","Sierra 1500","Third Generation","2007–2013","US/Canada","Light-duty pickup truck"
"GMC","Sierra 1500","Fourth Generation","2014–2018","US/Canada","Light-duty pickup truck"
"GMC","Sierra 1500","Fifth Generation","2019–Present","US/Canada","Light-duty pickup truck"
"GMC","Sierra 2500/3500","Second Generation","1999–2006","US/Canada","Heavy-duty pickup trucks"
"GMC","Sierra 2500/3500","Third Generation","2007–2013","US/Canada","Heavy-duty pickup trucks"
"GMC","Sierra 2500/3500","Fourth Generation","2014–2019","US/Canada","Heavy-duty pickup trucks"
"GMC","Sierra 2500/3500","Fifth Generation","2020–Present","US/Canada","Heavy-duty pickup trucks"
"GMC","Yukon","Second Generation","2000–2006","US/Canada","Full-size SUV"
"GMC","Yukon","Third Generation","2007–2014","US/Canada","Full-size SUV"
"GMC","Yukon","Fourth Generation","2015–2020","US/Canada","Full-size SUV"
"GMC","Yukon","Fifth Generation","2021–Present","US/Canada","Full-size SUV"
"GMC","Yukon XL","Second Generation","2000–2006","US/Canada","Extended-length full-size SUV"
"GMC","Yukon XL","Third Generation","2007–2014","US/Canada","Extended-length full-size SUV"
"GMC","Yukon XL","Fourth Generation","2015–2020","US/Canada","Extended-length full-size SUV"
"GMC","Yukon XL","Fifth Generation","2021–Present","US/Canada","Extended-length full-size SUV"
"GMC","Canyon","First Generation","2004–2012","US/Canada","Mid-size pickup truck"
"GMC","Canyon","Second Generation","2015–Present","US/Canada","Mid-size pickup truck"
"GMC","Acadia","First Generation","2007–2016","US/Canada","Mid-size crossover SUV"
"GMC","Acadia","Second Generation","2017–2023","US/Canada","Mid-size crossover SUV"
"GMC","Acadia","Third Generation","2024–Present","US/Canada","Mid-size crossover SUV"
"GMC","Terrain","First Generation","2010–2017","US/Canada","Compact crossover SUV"
"GMC","Terrain","Second Generation","2018–2023","US/Canada","Compact crossover SUV"
"GMC","Terrain","Third Generation","2024–Present","US/Canada","Compact crossover SUV"
"GMC","Savana","First Generation","1996–Present","US/Canada","Full-size van"
"GMC","Sonoma","First Generation","1991–1993","US/Canada","Compact pickup truck"
"GMC","Sonoma","Second Generation","1994–2004","US/Canada","Compact pickup truck"
"GMC","Envoy","First Generation","1998–2000","US/Canada","Mid-size SUV"
"GMC","Envoy","Second Generation","2002–2009","US/Canada","Mid-size SUV"
"GMC","Jimmy","First Generation","1982–1991","US/Canada","Mid-size SUV"
"GMC","Jimmy","Second Generation","1992–2000","US/Canada","Mid-size SUV"
"GMC","Jimmy","Third Generation","2001–2005","US/Canada","Mid-size SUV"
"Volkswagen","Golf","7th Generation","2015–2021","US/Canada","Compact hatchback with sporty features"
"Volkswagen","Golf","8th Generation","2022–Present","US/Canada","Redesigned with modern tech and efficiency"
"Volkswagen","Jetta","7th Generation","2019–2024","US/Canada","Compact sedan with improved interior"
"Volkswagen","Jetta","8th Generation","2025–Present","US/Canada","Latest generation with enhanced features"
"BMW","X5","3rd Generation","2014–2018","US/Canada","Luxury SUV with modern features"
"BMW","X5","4th Generation","2019–2024","US/Canada","Updated tech and plug-in hybrid variants"
"BMW","X6","3rd Generation","2015–2020","US/Canada","Sporty luxury SUV with coupe-like design"
"BMW","X6","4th Generation","2021–Present","US/Canada","Updated design and new tech features"
"Mercedes-Benz","GLC","2nd Generation","2020–2024","US/Canada","Compact luxury SUV with hybrid options"
"Mercedes-Benz","GLC","3rd Generation","2025–Present","US/Canada","Redesigned with new tech and luxury features"
"Mercedes-Benz","S-Class","6th Generation","2014–2020","US/Canada","Luxury sedan with advanced technology"
"Mercedes-Benz","S-Class","7th Generation","2021–Present","US/Canada","Updated features and tech options"
"Audi","A4","5th Generation","2016–2020","US/Canada","Compact luxury sedan with improved tech"
"BMW","M3","5th Generation","2014–2019","US/Canada","High-performance sports sedan"
"BMW","M3","6th Generation","2020–Present","US/Canada","Updated performance and tech features"
"Porsche","911","8th Generation","2020–Present","US/Canada","Iconic sports car with modern features"
"Porsche","Cayenne","3rd Generation","2018–2024","US/Canada","Luxury SUV with high-performance variants"
"Chevrolet","Bolt EUV","1st Generation","2021–Present","US/Canada","Electric crossover SUV"
"Chevrolet","Bolt EV","2nd Generation","2024–Present","US/Canada","Affordable electric vehicle with enhanced range"
"Ford","Expedition","5th Generation","2018–2024","US/Canada","Full-size SUV with advanced features"
"Ford","Expedition","6th Generation","2025–Present","US/Canada","Updated with new tech and interior features"
"Lincoln","Navigator","4th Generation","2018–2024","US/Canada","Luxury full-size SUV with advanced tech"
"Lincoln","Navigator","5th Generation","2025–Present","US/Canada","New design with luxury features"
"Ford","F-250","13th Generation","2017–2024","US/Canada","Heavy-duty pickup truck with advanced towing capacity"
"Ford","F-250","14th Generation","2025–Present","US/Canada","Updated platform and features"
"Nissan","Frontier","3rd Generation","2021–Present","US/Canada","Mid-size pickup with improved features"
"Nissan","Pathfinder","5th Generation","2022–Present","US/Canada","SUV with updated tech and hybrid options"
"Toyota","Sequoia","3rd Generation","2022–Present","US/Canada","Full-size SUV with hybrid options" 
